[{
  "id": "001",
  "img": "assets/images/user/user1.jpg",
  "pName": "John Doe",
  "rType": "Delux",
  "admitDate": "2018-02-25T14:22:18Z",
  "dischargeDate": "2018-02-28T14:22:18Z",
  "rNo": "101",
  "gender": "Male"
},
{
  "id": "002",
  "img": "assets/images/user/user2.jpg",
  "pName": "Pooja Patel",
  "rType": "Super Delux",
  "admitDate": "2018-02-12T14:22:18Z",
  "dischargeDate": "2018-02-15T14:22:18Z",
  "rNo": "102",
  "gender": "Male"
},
{
  "id": "003",
  "img": "assets/images/user/user3.jpg",
  "pName": "Pankaj Singh",
  "rType": "Delux",
  "admitDate": "2018-02-22T14:22:18Z",
  "dischargeDate": "2018-02-26T14:22:18Z",
  "rNo": "201",
  "gender": "Male"
},
{
  "id": "004",
  "img": "assets/images/user/user4.jpg",
  "pName": "Airi Satou",
  "rType": "Delux",
  "admitDate": "2018-02-25T14:22:18Z",
  "dischargeDate": "2018-02-27T14:22:18Z",
  "rNo": "103",
  "gender": "Female"
},
{
  "id": "005",
  "img": "assets/images/user/user5.jpg",
  "pName": "Jenish shah",
  "rType": "General",
  "admitDate": "2018-02-25T14:22:18Z",
  "dischargeDate": "2018-02-26T14:22:18Z",
  "rNo": "104",
  "gender": "Male"
},
{
  "id": "006",
  "img": "assets/images/user/user6.jpg",
  "pName": "Ashton Cox",
  "rType": "ICU",
  "admitDate": "2018-02-25T14:22:18Z",
  "dischargeDate": "2018-02-29T14:22:18Z",
  "rNo": "105",
  "gender": "Female"
},
{
  "id": "007",
  "img": "assets/images/user/user7.jpg",
  "pName": "Cara Stevens",
  "rType": "ICU",
  "admitDate": "2018-02-25T14:22:18Z",
  "dischargeDate": "2018-02-27T14:22:18Z",
  "rNo": "106",
  "gender": "Male"
},
{
  "id": "008",
  "img": "assets/images/user/user8.jpg",
  "pName": "Airi Satou",
  "rType": "Delux",
  "admitDate": "2018-02-25T14:22:18Z",
  "dischargeDate": "2018-02-25T14:22:18Z",
  "rNo": "107",
  "gender": "Female"
},
{
  "id": "009",
  "img": "assets/images/user/user9.jpg",
  "pName": "Angelica Ramos",
  "rType": "Delux",
  "admitDate": "2018-02-25T14:22:18Z",
  "dischargeDate": "2018-02-28T14:22:18Z",
  "rNo": "108",
  "gender": "Male"
},
{
  "id": "010",
  "img": "assets/images/user/user10.jpg",
  "pName": "Jenish shah",
  "rType": "Super Delux",
  "admitDate": "2018-02-25T14:22:18Z",
  "dischargeDate": "2018-02-27T14:22:18Z",
  "rNo": "109",
  "gender": "Female"
},
{
  "id": "011",
  "img": "assets/images/user/user1.jpg",
  "pName": "John Doe",
  "rType": "Super Delux",
  "admitDate": "2018-02-25T14:22:18Z",
  "dischargeDate": "2018-02-26T14:22:18Z",
  "rNo": "110",
  "gender": "Female"
},
{
  "id": "012",
  "img": "assets/images/user/user1.jpg",
  "pName": "Cara Stevens",
  "rType": "Super Delux",
  "admitDate": "2018-02-25T14:22:18Z",
  "dischargeDate": "2018-02-27T14:22:18Z",
  "rNo": "111",
  "gender": "Male"
},
{
  "id": "013",
  "img": "assets/images/user/user2.jpg",
  "pName": "Pooja Patel",
  "rType": "Delux",
  "admitDate": "2018-02-12T14:22:18Z",
  "dischargeDate": "2018-02-15T14:22:18Z",
  "rNo": "112",
  "gender": "Male"
},
{
  "id": "014",
  "img": "assets/images/user/user3.jpg",
  "pName": "Pankaj Singh",
  "rType": "ICU",
  "admitDate": "2018-02-22T14:22:18Z",
  "dischargeDate": "2018-02-24T14:22:18Z",
  "rNo": "113",
  "gender": "Female"
},
{
  "id": "015",
  "img": "assets/images/user/user4.jpg",
  "pName": "Angelica Ramos",
  "rType": "Super Delux",
  "admitDate": "2018-02-25T14:22:18Z",
  "dischargeDate": "2018-02-28T14:22:18Z",
  "rNo": "114",
  "gender": "Female"
},
{
  "id": "016",
  "img": "assets/images/user/user5.jpg",
  "pName": "Ashton Cox",
  "rType": "General",
  "admitDate": "2018-02-25T14:22:18Z",
  "dischargeDate": "2018-02-29T14:22:18Z",
  "rNo": "115",
  "gender": "Female"
}
]
